Domain,Subdomain,Forename,Lastname,Fullname,Type
PE,Mathematics (PE1),Sara,van de Geer,Sara van de Geer,Chair
PE,Mathematics (PE1),Elisabeth,Bouscaren,Elisabeth Bouscaren,Member
PE,Mathematics (PE1),Lucia,Caporaso,Lucia Caporaso,Member
PE,Mathematics (PE1),Alessandra,Celletti,Alessandra Celletti,Member
PE,Mathematics (PE1),Anthony,Davison,Anthony Davison,Member
PE,Mathematics (PE1),Pavel,Exner,Pavel Exner,Member
PE,Mathematics (PE1),Hélène,Frankowska,Hélène Frankowska,Member
PE,Mathematics (PE1),Friedrich,Götze,Friedrich Götze,Member
PE,Mathematics (PE1),Ansgar,Jüngel,Ansgar Jüngel,Member
PE,Mathematics (PE1),Radha,Kessar,Radha Kessar,Member
PE,Mathematics (PE1),Hans,Munthe-Kaas,Hans Munthe-Kaas,Member
PE,Mathematics (PE1),Jaroslav,Nesetril,Jaroslav Nesetril,Member
PE,Mathematics (PE1),Stefanie,Petermichl,Stefanie Petermichl,Member
PE,Mathematics (PE1),Wil,Schilders,Wil Schilders,Member
PE,Mathematics (PE1),András,Stipsicz,András Stipsicz,Member
PE,Fundamental Constituents of Matter (PE2),María,Borge,María José García Borge,Chair
PE,Fundamental Constituents of Matter (PE2),Cinzia,Da Via,Cinzia Da Via,Member
PE,Fundamental Constituents of Matter (PE2),Astrid,Eichhorn,Astrid Eichhorn,Member
PE,Fundamental Constituents of Matter (PE2),Wojciech,Gawlik,Wojciech Gawlik,Member
PE,Fundamental Constituents of Matter (PE2),Sven,Heinemeyer,Sven Heinemeyer,Member
PE,Fundamental Constituents of Matter (PE2),Ondřej,Klimo,Ondřej Klimo,Member
PE,Fundamental Constituents of Matter (PE2),José,Latorre,José Ignacio Latorre,Member
PE,Fundamental Constituents of Matter (PE2),Paolo,Mataloni,Paolo Mataloni,Member
PE,Fundamental Constituents of Matter (PE2),Giovanni,Modugno,Giovanni Modugno,Member
PE,Fundamental Constituents of Matter (PE2),Tatsuya,Nakada,Tatsuya Nakada,Member
PE,Fundamental Constituents of Matter (PE2),Hubert,Saleur,Hubert Saleur,Member
PE,Fundamental Constituents of Matter (PE2),Zdeněk,Stuchlík,Zdeněk Stuchlík,Member
PE,Fundamental Constituents of Matter (PE2),Šárka,Todorova,Šárka Todorova,Member
PE,Fundamental Constituents of Matter (PE2),Arkady,Tseytlin,Arkady Tseytlin,Member
PE,Condensed Matter Physics (PE3),Bernhard,Keimer,Bernhard Keimer,Chair
PE,Condensed Matter Physics (PE3),Eric,Akkermans,Eric Akkermans,Member
PE,Condensed Matter Physics (PE3),Alberta,Bonanni,Alberta Bonanni,Member
PE,Condensed Matter Physics (PE3),Rachel,Goldman,Rachel Goldman,Member
PE,Condensed Matter Physics (PE3),Dominique,Langevin,Dominique Langevin,Member
PE,Condensed Matter Physics (PE3),Saulius,Marcinkevicius,Saulius Marcinkevicius,Member
PE,Condensed Matter Physics (PE3),Titus,Neupert,Titus Neupert,Member
PE,Condensed Matter Physics (PE3),Theo,Rasing,Theo Rasing,Member
PE,Condensed Matter Physics (PE3),Francesco,Ricci,Francesco Ricci,Member
PE,Condensed Matter Physics (PE3),Sandro,Scandolo,Sandro Scandolo,Member
PE,Condensed Matter Physics (PE3),Christian,Schönenberger,Christian Schönenberger,Member
PE,Condensed Matter Physics (PE3),Julia,Yeomans,Julia Yeomans,Member
PE,Physical and Analytical Chemical Sciences (PE4),Malcolm,Levitt,Malcolm Levitt,Chair
PE,Physical and Analytical Chemical Sciences (PE4),Christopher,Brett,Christopher Brett,Member
PE,Physical and Analytical Chemical Sciences (PE4),Cecilia,Clementi,Cecilia Clementi,Member
PE,Physical and Analytical Chemical Sciences (PE4),Marco,Daturi,Marco Daturi,Member
PE,Physical and Analytical Chemical Sciences (PE4),Francesco,De Angelis,Francesco De Angelis,Member
PE,Physical and Analytical Chemical Sciences (PE4),Valérie,Gabelica,Valérie Gabelica,Member
PE,Physical and Analytical Chemical Sciences (PE4),Leticia,González,Leticia González,Member
PE,Physical and Analytical Chemical Sciences (PE4),Yurii,Gun'ko,Yurii Gun'ko,Member
PE,Physical and Analytical Chemical Sciences (PE4),Ulrich,Keyser,Ulrich Keyser,Member
PE,Physical and Analytical Chemical Sciences (PE4),Janina,Kneipp,Janina Kneipp,Member
PE,Physical and Analytical Chemical Sciences (PE4),Jana,Roithová,Jana Roithová,Member
PE,Physical and Analytical Chemical Sciences (PE4),Petra,Rudolf,Petra Rudolf,Member
PE,Physical and Analytical Chemical Sciences (PE4),Kenneth,Ruud,Kenneth Ruud,Member
PE,Physical and Analytical Chemical Sciences (PE4),Annabella,Selloni,Annabella Selloni,Member
PE,Synthetic Chemistry and Materials (PE5),Bruno,Chaudret,Bruno Chaudret,Chair
PE,Synthetic Chemistry and Materials (PE5),Barbara,Chan,Barbara Chan,Member
PE,Synthetic Chemistry and Materials (PE5),Robert,Field,Robert Field,Member
PE,Synthetic Chemistry and Materials (PE5),Tomislav,Friscic,Tomislav Friscic,Member
PE,Synthetic Chemistry and Materials (PE5),Piet,Herdewyn,Piet Herdewyn,Member
PE,Synthetic Chemistry and Materials (PE5),Eva,Hevia,Eva Hevia,Member
PE,Synthetic Chemistry and Materials (PE5),Evamarie,Hey-Hawkins,Evamarie Hey-Hawkins,Member
PE,Synthetic Chemistry and Materials (PE5),Tanja,Junkers,Tanja Junkers,Member
PE,Synthetic Chemistry and Materials (PE5),Burkhard,König,Burkhard König,Member
PE,Synthetic Chemistry and Materials (PE5),Liberato,Manna,Liberato Manna,Member
PE,Synthetic Chemistry and Materials (PE5),Stefan,Matile,Stefan Matile,Member
PE,Synthetic Chemistry and Materials (PE5),Bert,Meijer,Bert Meijer,Member
PE,Synthetic Chemistry and Materials (PE5),Véronique,Michelet,Véronique Michelet,Member
PE,Synthetic Chemistry and Materials (PE5),Michal,Otyepka,Michal Otyepka,Member
PE,Synthetic Chemistry and Materials (PE5),Lydia,Wong,Lydia Wong,Member
PE,Computer Science and Informatics (PE6),Philippe,Palanque,Philippe Palanque,Chair
PE,Computer Science and Informatics (PE6),Srđan,Čapkun,Srđan Čapkun,Member
PE,Computer Science and Informatics (PE6),Susanne,Albers,Susanne Albers,Member
PE,Computer Science and Informatics (PE6),Ira,Assent,Ira Assent,Member
PE,Computer Science and Informatics (PE6),Ann,Blandford,Ann Blandford,Member
PE,Computer Science and Informatics (PE6),Colin,Boyd,Colin Alexander Boyd,Member
PE,Computer Science and Informatics (PE6),Lieven,Eeckhout,Lieven Eeckhout,Member
PE,Computer Science and Informatics (PE6),Thomas,Fahringer,Thomas Fahringer,Member
PE,Computer Science and Informatics (PE6),Aristides,Gionis,Aristides Gionis,Member
PE,Computer Science and Informatics (PE6),Iryna,Gurevych,Iryna Gurevych,Member
PE,Computer Science and Informatics (PE6),Manuel,Hermenegildo,Manuel Hermenegildo,Member
PE,Computer Science and Informatics (PE6),Matteo,Maffei,Matteo Maffei,Member
PE,Computer Science and Informatics (PE6),Nadia,Magnenat-Thalmann,Nadia Magnenat-Thalmann,Member
PE,Computer Science and Informatics (PE6),Matti,Pietikainen,Matti Pietikainen,Member
PE,Computer Science and Informatics (PE6),Jean,Ponce,Jean Ponce,Member
PE,Computer Science and Informatics (PE6),Hannu,Toivonen,Hannu Toivonen,Member
PE,Computer Science and Informatics (PE6),Pablo,Varona,Pablo Varona,Member
PE,Systems and Communication Engineering (PE7),Peter,Kennedy,Peter Kennedy,Chair
PE,Systems and Communication Engineering (PE7),Alberto,Bemporad,Alberto Bemporad,Member
PE,Systems and Communication Engineering (PE7),Josep,Bordonau,Josep Bordonau,Member
PE,Systems and Communication Engineering (PE7),Giuseppe,Caire,Giuseppe Caire,Member
PE,Systems and Communication Engineering (PE7),Octavia,Dobre,Octavia Dobre,Member
PE,Systems and Communication Engineering (PE7),Mats,Gustafsson,Mats Gustafsson,Member
PE,Systems and Communication Engineering (PE7),Markku,Juntti,Markku Juntti,Member
PE,Systems and Communication Engineering (PE7),Elisa,Konofagou,Elisa Konofagou,Member
PE,Systems and Communication Engineering (PE7),Dana,Kulić,Dana Kulić,Member
PE,Systems and Communication Engineering (PE7),Hendrik,Nijmeijer,Hendrik Nijmeijer,Member
PE,Systems and Communication Engineering (PE7),Anibal,Ollero,Anibal Ollero,Member
PE,Systems and Communication Engineering (PE7),Monika,Ritsch-Marte,Monika Ritsch-Marte,Member
PE,Systems and Communication Engineering (PE7),Dimitra,Simeonidou,Dimitra Simeonidou,Member
PE,Systems and Communication Engineering (PE7),Keyue,Smedley,Keyue Smedley,Member
PE,Systems and Communication Engineering (PE7),Birgit,Stiller,Birgit Stiller,Member
PE,Systems and Communication Engineering (PE7),Eric,Yeatman,Eric M. Yeatman,Member
PE,Products and Processes Engineering (PE8),Michael,Grätzel,Michael Grätzel,Chair
PE,Products and Processes Engineering (PE8),Nor,Amin,Nor Aishah Saidina Amin,Member
PE,Products and Processes Engineering (PE8),Cristina,Amon,Cristina Amon,Member
PE,Products and Processes Engineering (PE8),Yordan,Garbatov,Yordan Garbatov,Member
PE,Products and Processes Engineering (PE8),Jesper,Hattel,Jesper Hattel,Member
PE,Products and Processes Engineering (PE8),Dan,Henningson,Dan Henningson,Member
PE,Products and Processes Engineering (PE8),Angel,Irabien,Angel Irabien,Member
PE,Products and Processes Engineering (PE8),Hrvoje,Jasak,Hrvoje Jasak,Member
PE,Products and Processes Engineering (PE8),Yiguang,Ju,Yiguang Ju,Member
PE,Products and Processes Engineering (PE8),Siglinda,Perathoner,Siglinda Perathoner,Member
PE,Products and Processes Engineering (PE8),Manuela,Raimondi,Manuela Teresa Raimondi,Member
PE,Products and Processes Engineering (PE8),Aldina,Santiago,Aldina Santiago,Member
PE,Products and Processes Engineering (PE8),Mohammed,Sonebi,Mohammed Sonebi,Member
PE,Products and Processes Engineering (PE8),Richard,Stone,Richard Stone,Member
PE,Products and Processes Engineering (PE8),Bengt,Sundén,Bengt Sundén,Member
PE,Products and Processes Engineering (PE8),Sebastian,Thiede,Sebastian Thiede,Member
PE,Products and Processes Engineering (PE8),Antonio,Tricoli,Antonio Tricoli,Member
PE,Products and Processes Engineering (PE8),Kon-Well,Wang,Kon-Well Wang,Member
PE,Universe Sciences (PE9),Caroline,Slomp,Caroline Slomp,Chair
PE,Universe Sciences (PE9),Sylvie,Demouchy,Sylvie Demouchy,Member
PE,Universe Sciences (PE9),Michael,Bostock,Michael Bostock,Member
PE,Universe Sciences (PE9),Giulio,Di Toro,Giulio Di Toro,Member
PE,Universe Sciences (PE9),Francisco,Doblas-Reyes,Francisco Doblas-Reyes,Member
PE,Universe Sciences (PE9),Mary,Edwards,Mary Edwards,Member
PE,Universe Sciences (PE9),Ulrike,Herzschuh,Ulrike Herzschuh,Member
PE,Universe Sciences (PE9),Marco,Marchetti,Marco Marchetti,Member
PE,Universe Sciences (PE9),Jennifer,Murphy,Jennifer Murphy,Member
PE,Universe Sciences (PE9),María,Gómez,María Jose Polo Gómez,Member
PE,Universe Sciences (PE9),Sabrina,Speich,Sabrina Speich,Member
PE,Universe Sciences (PE9),Trude,Storelvmo,Trude Storelvmo,Member
PE,Universe Sciences (PE9),Fangzhen,Teng,Fangzhen Teng,Member
PE,Universe Sciences (PE9),Pilar,Villamor,Pilar Villamor,Member
PE,Universe Sciences (PE9),Lisa,Wingate,Lisa Wingate,Member
PE,Universe Sciences (PE9),Eric,Wolff,Eric Wolff,Member
PE,Earth System Science (PE10),Carlos,Frenk,Carlos Frenk,Chair
PE,Earth System Science (PE10),Rene,Doyon,Rene Doyon,Member
PE,Earth System Science (PE10),Robert,Brandenberger,Robert Hans Brandenberger,Member
PE,Earth System Science (PE10),Cecilia,Ceccarelli,Cecilia Ceccarelli,Member
PE,Earth System Science (PE10),Anne,Dutrey,Anne Dutrey,Member
PE,Earth System Science (PE10),Hendrik,Hoekstra,Hendrik Hoekstra,Member
PE,Earth System Science (PE10),Karl-Heinz,Kampert,Karl-Heinz Kampert,Member
PE,Earth System Science (PE10),Christoph,Keller,Christoph Keller,Member
PE,Earth System Science (PE10),Ralf,Klessen,Ralf Klessen,Member
PE,Earth System Science (PE10),Claudia,Maraston,Claudia Maraston,Member
PE,Earth System Science (PE10),Giuseppina,Micela,Giuseppina Micela,Member
PE,Earth System Science (PE10),Stefaan,Poedts,Stefaan Poedts,Member
PE,Earth System Science (PE10),Scott,Ransom,Scott Ransom,Member
PE,Earth System Science (PE10),Alicia,Sintes,Alicia Sintes,Member
PE,Materials Engineering (PE11),Jean-Marie,Tarascon,Jean-Marie Tarascon,Chair
PE,Materials Engineering (PE11),Seema,Agarwal,Seema Agarwal,Member
PE,Materials Engineering (PE11),Markus,Antonietti,Markus Antonietti,Member
PE,Materials Engineering (PE11),Serena,Best,Serena Best,Member
PE,Materials Engineering (PE11),Ingo,Burgert,Ingo Burgert,Member
PE,Materials Engineering (PE11),Rachel,Caruso,Rachel Caruso,Member
PE,Materials Engineering (PE11),Nadine,Collaert,Nadine Collaert,Member
PE,Materials Engineering (PE11),Paolo,Colombo,Paolo Colombo,Member
PE,Materials Engineering (PE11),Marc,Geers,Marc Geers,Member
PE,Materials Engineering (PE11),Senentxu,Lanceros-Méndez,Senentxu Lanceros-Méndez,Member
PE,Materials Engineering (PE11),Andreas,Mortensen,Andreas Mortensen,Member
PE,Materials Engineering (PE11),Jenny,Nelson,Jenny Nelson,Member
PE,Materials Engineering (PE11),Amanda,Petford-Long,Amanda Petford-Long,Member
PE,Materials Engineering (PE11),Patrick,Rinke,Patrick Rinke,Member
PE,Materials Engineering (PE11),Sabine,Szunerits,Sabine Szunerits,Member
PE,Materials Engineering (PE11),Sybrand,Van der Zwaag,Sybrand Van der Zwaag,Member
LS,Materials Engineering (PE11),Molecules of Life:,Mechanisms,"Molecules of Life: Biological Mechanisms,",Member
LS,Materials Engineering (PE11),Integrative,Genes and Genomes,Integrative Biology: From Genes and Genomes,Member
LS,Structures and Functions (LS1),María,García-Parajo,María García-Parajo,Chair
LS,Structures and Functions (LS1),Britta,Brügger,Britta Brügger,Member
LS,Structures and Functions (LS1),Maria,Carmo-Fonseca,Maria Carmo-Fonseca,Member
LS,Structures and Functions (LS1),Arne,Elofsson,Arne Elofsson,Member
LS,Structures and Functions (LS1),Kris,Gevaert,Kris Gevaert,Member
LS,Structures and Functions (LS1),Vassilios,Gorgoulis,Vassilios Gorgoulis,Member
LS,Structures and Functions (LS1),Claudio,Luchinat,Claudio Luchinat,Member
LS,Structures and Functions (LS1),Martin,Noble,Martin Noble,Member
LS,Structures and Functions (LS1),David,Rueda,David Rueda,Member
LS,Structures and Functions (LS1),Frances,Separovic,Frances Separovic,Member
LS,Structures and Functions (LS1),Natalie,Strynadka,Natalie Strynadka,Member
LS,Structures and Functions (LS1),Sharon,Wolf,Sharon Grayer Wolf,Member
LS,Structures and Functions (LS1),Boris,Zhivotovsky,Boris D. Zhivotovsky,Member
LS,to Systems (LS2),Hinrich,Gronemeyer,Hinrich Gronemeyer,Chair
LS,to Systems (LS2),Chris,Bowler,Chris Bowler,Member
LS,to Systems (LS2),M.,Cardoso,M. Cristina Cardoso,Member
LS,to Systems (LS2),Johan,Elf,Johan Elf,Member
LS,to Systems (LS2),Laurence,Florens,Laurence A. Florens,Member
LS,to Systems (LS2),Franca,Fraternali,Franca Fraternali,Member
LS,to Systems (LS2),Niko,Geldner,Niko Geldner,Member
LS,to Systems (LS2),Ursula,Klingmüller,Ursula Klingmüller,Member
LS,to Systems (LS2),Nine,Knoers,Nine Knoers,Member
LS,to Systems (LS2),Minna,Kaikkonen-Määttä,Minna Kaikkonen-Määttä,Member
LS,to Systems (LS2),Jeroen,Raes,Jeroen Raes,Member
LS,to Systems (LS2),Peter,Verrijzer,Peter V. Verrijzer,Member
LS,to Systems (LS2),Johannes,Zuber,Johannes Zuber,Member
LS,to Systems (LS2),Development,Cell Biology,"Cell Biology, Development, Stem Cells and",Member
LS,Regeneration (LS3),Philip,Ingham,Philip Ingham,Chair
LS,Regeneration (LS3),Detlev,Arendt,Detlev Arendt,Member
LS,Regeneration (LS3),Laurent,Blanchoin,Laurent Blanchoin,Member
LS,Regeneration (LS3),Patricia,Boya,Patricia Boya,Member
LS,Regeneration (LS3),Sabine,Costagliola,Sabine Costagliola,Member
LS,Regeneration (LS3),Bert,De Rybel,Bert De Rybel,Member
LS,Regeneration (LS3),Rong,Li,Rong Li,Member
LS,Regeneration (LS3),Giorgio,Scita,Giorgio Scita,Member
LS,Regeneration (LS3),Anne,Spang,Anne Spang,Member
LS,Regeneration (LS3),Jens,Stougaard,Jens Stougaard,Member
LS,Regeneration (LS3),Flora,Vaccarino,Flora Vaccarino,Member
LS,Regeneration (LS3),Ludovic,Vallier,Ludovic Vallier,Member
LS,"Physiology in Health, Disease and Ageing (LS4)",Daniela,Cota,Daniela Cota,Chair
LS,"Physiology in Health, Disease and Ageing (LS4)",Catherine,Brenner,Catherine Brenner,Member
LS,"Physiology in Health, Disease and Ageing (LS4)",Cathrin,Brisken,Cathrin Brisken,Member
LS,"Physiology in Health, Disease and Ageing (LS4)",Yves,DeClerck,Yves DeClerck,Member
LS,"Physiology in Health, Disease and Ageing (LS4)",Mauro,Giacca,Mauro Giacca,Member
LS,"Physiology in Health, Disease and Ageing (LS4)",Peter,Hordijk,Peter Lodewijk Hordijk,Member
LS,"Physiology in Health, Disease and Ageing (LS4)",Ursula,Jakob,Ursula Jakob,Member
LS,"Physiology in Health, Disease and Ageing (LS4)",Diether,Lambrechts,Diether Lambrechts,Member
LS,"Physiology in Health, Disease and Ageing (LS4)",Alessandra,Moretti,Alessandra Moretti,Member
LS,"Physiology in Health, Disease and Ageing (LS4)",Niranjan,Nagarajan,Niranjan Nagarajan,Member
LS,"Physiology in Health, Disease and Ageing (LS4)",Allan,Vaag,Allan Vaag,Member
LS,"Physiology in Health, Disease and Ageing (LS4)",Angela,Valverde,Angela Maria Valverde,Member
LS,"Physiology in Health, Disease and Ageing (LS4)",Anni,Vanhatalo,Anni Vanhatalo,Member
LS,"Physiology in Health, Disease and Ageing (LS4)",Michael,Weller,Michael Weller,Member
LS,"Physiology in Health, Disease and Ageing (LS4)",Neuroscience and Disorders of the Nervous,,Neuroscience and Disorders of the Nervous,Member
LS,System (LS5),Christian,Büchel,Christian Büchel,Chair
LS,System (LS5),Katerina,Akassoglou,Katerina Akassoglou,Member
LS,System (LS5),Turgay,Dalkara,Turgay Dalkara,Member
LS,System (LS5),Bogdan,Draganski,Bogdan Draganski,Member
LS,System (LS5),Carole,Dufouil,Carole Dufouil,Member
LS,System (LS5),Klaus,Ebmeier,Klaus Ebmeier,Member
LS,System (LS5),Carles,Escera,Carles Escera,Member
LS,System (LS5),Herta,Flor,Herta Flor,Member
LS,System (LS5),Kenneth,Harris,Kenneth Harris,Member
LS,System (LS5),Judith,Homberg,Judith Homberg,Member
LS,System (LS5),Poul,Jensen,Poul Henning Jensen,Member
LS,System (LS5),Frank,Kooy,Frank Kooy,Member
LS,System (LS5),Michela,Matteoli,Michela Matteoli,Member
LS,System (LS5),Orly,Reiner,Orly Reiner,Member
LS,System (LS5),Thérèse,van Amelsvoort,Thérèse van Amelsvoort,Member
LS,"Immunity, Infection and Immunotherapy (LS6)",Maria,Masucci,Maria Grazia Masucci,Chair
LS,"Immunity, Infection and Immunotherapy (LS6)",Marylyn,Addo,Marylyn Addo,Member
LS,"Immunity, Infection and Immunotherapy (LS6)",Oliver,Billker,Oliver Billker,Member
LS,"Immunity, Infection and Immunotherapy (LS6)",Michel,Cogné,Michel Cogné,Member
LS,"Immunity, Infection and Immunotherapy (LS6)",Olivera,Finn,Olivera Finn,Member
LS,"Immunity, Infection and Immunotherapy (LS6)",Francesca,Granucci,Francesca Granucci,Member
LS,"Immunity, Infection and Immunotherapy (LS6)",Mark,Harris,Mark Harris,Member
LS,"Immunity, Infection and Immunotherapy (LS6)",George,Kollias,George Kollias,Member
LS,"Immunity, Infection and Immunotherapy (LS6)",Bruno,Lemaitre,Bruno Lemaitre,Member
LS,"Immunity, Infection and Immunotherapy (LS6)",Claudia,Mauri,Claudia Mauri,Member
LS,"Immunity, Infection and Immunotherapy (LS6)",Thomas,Rudel,Thomas Rudel,Member
LS,"Immunity, Infection and Immunotherapy (LS6)",Bruno,Silva-Santos,Bruno Silva-Santos,Member
LS,"Immunity, Infection and Immunotherapy (LS6)",Diagnosis and Treatment of,Prevention,"Prevention, Diagnosis and Treatment of",Member
LS,Human Diseases (LS7),Dominique,Costagliola,Dominique Costagliola,Chair
LS,Human Diseases (LS7),Ilja,Arts,Ilja Arts,Member
LS,Human Diseases (LS7),Frank,Bengel,Frank Bengel,Member
LS,Human Diseases (LS7),José,Benlloch,José Maria Benlloch,Member
LS,Human Diseases (LS7),Chiara,Bonini,Chiara Bonini,Member
LS,Human Diseases (LS7),Karine,Breckpot,Karine Breckpot,Member
LS,Human Diseases (LS7),Hester,Ruijter,Hester den Ruijter,Member
LS,Human Diseases (LS7),Fredrik,Hook,Fredrik Hook,Member
LS,Human Diseases (LS7),Nuno,Neves,Nuno Neves,Member
LS,Human Diseases (LS7),Pål,Njølstad,Pål Rasmus Njølstad,Member
LS,Human Diseases (LS7),Munir,Pirmohamed,Munir Pirmohamed,Member
LS,Human Diseases (LS7),Josep,Samitier,Josep Samitier,Member
LS,Human Diseases (LS7),Eva,Schernhammer,Eva Schernhammer,Member
LS,Human Diseases (LS7),Remy,Slama,Remy Slama,Member
LS,Human Diseases (LS7),Leonidas,Stefanis,Leonidas Stefanis,Member
LS,Human Diseases (LS7),Ijeoma,Uchegbu,Ijeoma Uchegbu,Member
LS,Human Diseases (LS7),Wolfram,Zimmermann,Wolfram Zimmermann,Member
LS,"Environmental Biology, Ecology and Evolution (LS8)",Joy,Bergelson,Joy Bergelson,Chair
LS,"Environmental Biology, Ecology and Evolution (LS8)",Petr,Baldrian,Petr Baldrian,Member
LS,"Environmental Biology, Ecology and Evolution (LS8)",Miguel,Araujo,Miguel Bastos Araujo,Member
LS,"Environmental Biology, Ecology and Evolution (LS8)",Madeleine,Beekman,Madeleine Beekman,Member
LS,"Environmental Biology, Ecology and Evolution (LS8)",Michael,Brockhurst,Michael Brockhurst,Member
LS,"Environmental Biology, Ecology and Evolution (LS8)",Anne,Charmantier,Anne Charmantier,Member
LS,"Environmental Biology, Ecology and Evolution (LS8)",Sandra,Diaz,Sandra Diaz,Member
LS,"Environmental Biology, Ecology and Evolution (LS8)",Jean-Michel,Gaillard,Jean-Michel Gaillard,Member
LS,"Environmental Biology, Ecology and Evolution (LS8)",Michael,Jetten,Michael S. M. Jetten,Member
LS,"Environmental Biology, Ecology and Evolution (LS8)",Thorsten,Reusch,Thorsten B. Reusch,Member
LS,"Environmental Biology, Ecology and Evolution (LS8)",Christian,Schlötterer,Christian Schlötterer,Member
LS,"Environmental Biology, Ecology and Evolution (LS8)",Tanja,Schwander,Tanja Schwander,Member
LS,"Environmental Biology, Ecology and Evolution (LS8)",Yves,Van de Peer,Yves Van de Peer,Member
LS,"Environmental Biology, Ecology and Evolution (LS8)",Lars,Werdelin,Lars Werdelin,Member
LS,"Environmental Biology, Ecology and Evolution (LS8)",Katherine,Willis,Katherine Willis,Member
LS,Biotechnology and Biosystems Engineering (LS9),Nicholas,Talbot,Nicholas Talbot,Chair
LS,Biotechnology and Biosystems Engineering (LS9),Maria,Aguilar,Maria Isabel Aguilar,Member
LS,Biotechnology and Biosystems Engineering (LS9),Oliana,Carnaveli,Oliana Carnaveli,Member
LS,Biotechnology and Biosystems Engineering (LS9),Abigail,Fowden,Abigail L. Fowden,Member
LS,Biotechnology and Biosystems Engineering (LS9),Marco,Gobbetti,Marco Gobbetti,Member
LS,Biotechnology and Biosystems Engineering (LS9),Christian,Messier,Christian Messier,Member
LS,Biotechnology and Biosystems Engineering (LS9),Birger,Møller,Birger Lindberg Møller,Member
LS,Biotechnology and Biosystems Engineering (LS9),Nuria,Pulido,Nuria Montserrat Pulido,Member
LS,Biotechnology and Biosystems Engineering (LS9),Rolf,Müller,Rolf Müller,Member
LS,Biotechnology and Biosystems Engineering (LS9),Heiner,Niemann,Heiner Niemann,Member
LS,Biotechnology and Biosystems Engineering (LS9),Merja,Penttilä,Merja Penttilä,Member
LS,Biotechnology and Biosystems Engineering (LS9),Dominique,Van Der Straeten,Dominique Van Der Straeten,Member
LS,Biotechnology and Biosystems Engineering (LS9),Kévin,Verstrepen,Kévin Verstrepen,Member
SH,"Individuals, Markets and Organisations (SH1)",Bettina,Rockenbach,Bettina Rockenbach,Chair
SH,"Individuals, Markets and Organisations (SH1)",Leona,Achtenhagen,Leona Achtenhagen,Member
SH,"Individuals, Markets and Organisations (SH1)",Sascha,Albers,Sascha Albers,Member
SH,"Individuals, Markets and Organisations (SH1)",Philippe,Bacchetta,Philippe Bacchetta,Member
SH,"Individuals, Markets and Organisations (SH1)",Emilio,Calvano,Emilio Calvano,Member
SH,"Individuals, Markets and Organisations (SH1)",Catherine,Casamatta,Catherine Casamatta,Member
SH,"Individuals, Markets and Organisations (SH1)",Kristine,de Valck,Kristine de Valck,Member
SH,"Individuals, Markets and Organisations (SH1)",John,Hassler,John Hassler,Member
SH,"Individuals, Markets and Organisations (SH1)",Anne,Keegan,Anne Keegan,Member
SH,"Individuals, Markets and Organisations (SH1)",Maria,Loureiro,Maria L. Loureiro,Member
SH,"Individuals, Markets and Organisations (SH1)",Claudio,Michelacci,Claudio Michelacci,Member
SH,"Individuals, Markets and Organisations (SH1)",Matthew,Mitchell,Matthew Mitchell,Member
SH,"Individuals, Markets and Organisations (SH1)",Nuno,Palma,Nuno Palma,Member
SH,"Individuals, Markets and Organisations (SH1)",David,Pisinger,David Pisinger,Member
SH,"Individuals, Markets and Organisations (SH1)",Petra,Šimović,Petra Posedel Šimović,Member
SH,"Individuals, Markets and Organisations (SH1)",Francesco,Rosati,Francesco Rosati,Member
SH,"Institutions, Governance and Legal Systems (SH2)",Emilie,Cloatre,Emilie Cloatre,Chair
SH,"Institutions, Governance and Legal Systems (SH2)",Marie-Claire,Belleau,Marie-Claire Belleau,Member
SH,"Institutions, Governance and Legal Systems (SH2)",Thomas,Bräuninger,Thomas J. Bräuninger,Member
SH,"Institutions, Governance and Legal Systems (SH2)",Halvard,Buhaug,Halvard Buhaug,Member
SH,"Institutions, Governance and Legal Systems (SH2)",Laura,Piñeiro,Laura Carballo Piñeiro,Member
SH,"Institutions, Governance and Legal Systems (SH2)",David,Farrell,David Farrell,Member
SH,"Institutions, Governance and Legal Systems (SH2)",Sophie,Jacquot,Sophie Jacquot,Member
SH,"Institutions, Governance and Legal Systems (SH2)",Olivier,Leclerc,Olivier Leclerc,Member
SH,"Institutions, Governance and Legal Systems (SH2)",Vili,Lehdonvirta,Vili Lehdonvirta,Member
SH,"Institutions, Governance and Legal Systems (SH2)",Alice,Mattoni,Alice Mattoni,Member
SH,"Institutions, Governance and Legal Systems (SH2)",Jørgen,Møller,Jørgen Møller,Member
SH,"Institutions, Governance and Legal Systems (SH2)",Annelise,Riles,Annelise Riles,Member
SH,"Institutions, Governance and Legal Systems (SH2)",Christine,Sypnowich,Christine Sypnowich,Member
SH,"Institutions, Governance and Legal Systems (SH2)",Jonas,Tallberg,Jonas Tallberg,Member
SH,"Institutions, Governance and Legal Systems (SH2)",Ramses,Wessel,Ramses A. Wessel,Member
SH,The Social World and Its Interactions (SH3),Olivier,Servais,Olivier Servais,Chair
SH,The Social World and Its Interactions (SH3),Stefania,Bocconi,Stefania Bocconi,Member
SH,The Social World and Its Interactions (SH3),Lynda,Boothroyd,Lynda Boothroyd,Member
SH,The Social World and Its Interactions (SH3),Rosario,Del Rey,Rosario Del Rey,Member
SH,The Social World and Its Interactions (SH3),Christine,Hentschel,Christine Hentschel,Member
SH,The Social World and Its Interactions (SH3),Jolanda,Jetten,Jolanda Jetten,Member
SH,The Social World and Its Interactions (SH3),Colin,Maclay,Colin Miles Maclay,Member
SH,The Social World and Its Interactions (SH3),Julie,McLeod,Julie McLeod,Member
SH,The Social World and Its Interactions (SH3),Sari,Pietikäinen,Sari P. Pietikäinen,Member
SH,The Social World and Its Interactions (SH3),Katharina,Swirak,Katharina Swirak,Member
SH,The Social World and Its Interactions (SH3),Marc,Swyngedouw,Marc Swyngedouw,Member
SH,The Social World and Its Interactions (SH3),Neil,Thurman,Neil Thurman,Member
SH,The Social World and Its Interactions (SH3),Moris,Triventi,Moris Triventi,Member
SH,The Social World and Its Interactions (SH3),Jean-Louis,van Gelder,Jean-Louis van Gelder,Member
SH,The Social World and Its Interactions (SH3),Harro,van Lente,Harro van Lente,Member
SH,The Social World and Its Interactions (SH3),Tommaso,Venturini,Tommaso Venturini,Member
SH,The Social World and Its Interactions (SH3),Susanne,Wessendorf,Susanne Wessendorf,Member
SH,The Human Mind and Its Complexity (SH4),Arturo,Hernandez,Arturo E. Hernandez,Chair
SH,The Human Mind and Its Complexity (SH4),Jo,Angouri,Jo Angouri,Member
SH,The Human Mind and Its Complexity (SH4),Marcel,Brass,Marcel Brass,Member
SH,The Human Mind and Its Complexity (SH4),Jason,Connor,Jason P. Connor,Member
SH,The Human Mind and Its Complexity (SH4),Eystein,Dahl,Eystein Dahl,Member
SH,The Human Mind and Its Complexity (SH4),Ellen,de Bruijn,Ellen de Bruijn,Member
SH,The Human Mind and Its Complexity (SH4),Jonathan,Ginzburg,Jonathan Ginzburg,Member
SH,The Human Mind and Its Complexity (SH4),Konstantinos,Katsikopoulos,Konstantinos V. Katsikopoulos,Member
SH,The Human Mind and Its Complexity (SH4),Kerstin,Konrad,Kerstin Konrad,Member
SH,The Human Mind and Its Complexity (SH4),Ranko,Matasović,Ranko Matasović,Member
SH,The Human Mind and Its Complexity (SH4),Giuliana,Mazzoni,Giuliana Mazzoni,Member
SH,The Human Mind and Its Complexity (SH4),Annika,Melinder,Annika Maria Désirée Melinder,Member
SH,The Human Mind and Its Complexity (SH4),Tamara,Swaab,Tamara Y. Swaab,Member
SH,The Human Mind and Its Complexity (SH4),Wouter,van den Bos,Wouter van den Bos,Member
SH,The Human Mind and Its Complexity (SH4),Johan,Wagemans,Johan Wagemans,Member
SH,The Human Mind and Its Complexity (SH4),Yaara,Yeshurun-Dishon,Yaara Yeshurun-Dishon,Member
SH,Texts and Concept (SH5),Sonja,Smets,Sonja Smets,Chair
SH,Texts and Concept (SH5),Peter,Bisschop,Peter Bisschop,Member
SH,Texts and Concept (SH5),Stavroula,Constantinou,Stavroula Constantinou,Member
SH,Texts and Concept (SH5),Paolo,D'Angelo,Paolo D'Angelo,Member
SH,Texts and Concept (SH5),Ophelia,Deroy,Ophelia Deroy,Member
SH,Texts and Concept (SH5),Mark,Geller,Mark Geller,Member
SH,Texts and Concept (SH5),Maurizio,Harari,Maurizio Harari,Member
SH,Texts and Concept (SH5),Dana,Jalobeanu,Dana Jalobeanu,Member
SH,Texts and Concept (SH5),Andrea,Kern,Andrea Kern,Member
SH,Texts and Concept (SH5),JeeLoo,Liu,JeeLoo Liu,Member
SH,Texts and Concept (SH5),Reidar,Maliks,Reidar Kiljan Maliks,Member
SH,Texts and Concept (SH5),Samu,Niskanen,Samu Niskanen,Member
SH,Texts and Concept (SH5),James,Ogude,James Ogude,Member
SH,Texts and Concept (SH5),François,Recanati,François Recanati,Member
SH,Texts and Concept (SH5),Jan,Rybicki,Jan Rybicki,Member
SH,Texts and Concept (SH5),Claire,Warwick,Claire Warwick,Member
SH,Texts and Concept (SH5),Ioannis,Κalogerakos,Ioannis Κalogerakos,Member
SH,The Study of the Human Past (SH6),Francesca,Tinti,Francesca Tinti,Chair
SH,The Study of the Human Past (SH6),Diego,Angelucci,Diego E. Angelucci,Member
SH,The Study of the Human Past (SH6),Staša,Babić,Staša Babić,Member
SH,The Study of the Human Past (SH6),Pedro,Cardim,Pedro Cardim,Member
SH,The Study of the Human Past (SH6),Pam,Crabtree,Pam J. Crabtree,Member
SH,The Study of the Human Past (SH6),Eugénia,Cunha,Eugénia Cunha,Member
SH,The Study of the Human Past (SH6),Cesare,Cuttica,Cesare Cuttica,Member
SH,The Study of the Human Past (SH6),Véronique,Dasen,Véronique Dasen,Member
SH,The Study of the Human Past (SH6),Gabriel,Galvez-Behar,Gabriel Galvez-Behar,Member
SH,The Study of the Human Past (SH6),Niels,Gaul,Niels Gaul,Member
SH,The Study of the Human Past (SH6),Miriam,Haidle,Miriam Haidle,Member
SH,The Study of the Human Past (SH6),Padraic,Kenney,Padraic Kenney,Member
SH,The Study of the Human Past (SH6),Susanne,Lachenicht,Susanne Lachenicht,Member
SH,The Study of the Human Past (SH6),Eduardo,Moreno,Eduardo Manzano Moreno,Member
SH,The Study of the Human Past (SH6),Graham,Philip,Graham Philip,Member
SH,The Study of the Human Past (SH6),Ehud,Toledano,Ehud Toledano,Member
SH,The Study of the Human Past (SH6),Susan,Zimmermann,Susan Carin Zimmermann,Member
SH,"Human Mobility, Environment, and Space (SH7)",Ole,Mertz,Ole Mertz,Chair
SH,"Human Mobility, Environment, and Space (SH7)",Isabelle,Anguelovski,Isabelle Michele Sophie Anguelovski,Member
SH,"Human Mobility, Environment, and Space (SH7)",Antonio,Boggia,Antonio Boggia,Member
SH,"Human Mobility, Environment, and Space (SH7)",Maria,Brockhaus,Maria Brockhaus,Member
SH,"Human Mobility, Environment, and Space (SH7)",Daniel,Brown,Daniel Brown,Member
SH,"Human Mobility, Environment, and Space (SH7)",Basile,Chaix,Basile Chaix,Member
SH,"Human Mobility, Environment, and Space (SH7)",Audrey,de Nazelle,Audrey de Nazelle,Member
SH,"Human Mobility, Environment, and Space (SH7)",Martin,Dijst,Martin Dijst,Member
SH,"Human Mobility, Environment, and Space (SH7)",Aleksandra,Grzymała-Kazłowska,Aleksandra Grzymała-Kazłowska,Member
SH,"Human Mobility, Environment, and Space (SH7)",Stefanie,Möllborn,Stefanie Möllborn,Member
SH,"Human Mobility, Environment, and Space (SH7)",Antonio,Paez,Antonio Paez,Member
SH,"Human Mobility, Environment, and Space (SH7)",Patrick,Sakdapolrak,Patrick Sakdapolrak,Member
SH,"Human Mobility, Environment, and Space (SH7)",Sian,Sullivan,Sian Sullivan,Member
SH,"Human Mobility, Environment, and Space (SH7)",Paweł,Swianiewicz,Paweł Swianiewicz,Member
SH,"Human Mobility, Environment, and Space (SH7)",Esther,Turnhout,Esther Turnhout,Member
SH,"Human Mobility, Environment, and Space (SH7)",Emilio,Zagheni,Emilio Zagheni,Member
SH,Studies of Cultures and Arts (SH8),Matthew,Rampley,Matthew Rampley,Chair
SH,Studies of Cultures and Arts (SH8),Ana,da Silva Santos,Ana Cristina Alvarez Caiano da Silva Santos,Member
SH,Studies of Cultures and Arts (SH8),Martine,Beugnet,Martine Beugnet,Member
SH,Studies of Cultures and Arts (SH8),Erwan,Dianteill,Erwan Dianteill,Member
SH,Studies of Cultures and Arts (SH8),Noémie,Étienne,Noémie Étienne,Member
SH,Studies of Cultures and Arts (SH8),Ruurd,Halbertsma,Ruurd Binnert Halbertsma,Member
SH,Studies of Cultures and Arts (SH8),Katie,Holmes,Katie Holmes,Member
SH,Studies of Cultures and Arts (SH8),Jonathan,Impett,Jonathan Impett,Member
SH,Studies of Cultures and Arts (SH8),Shannon,Jackson,Shannon Jackson,Member
SH,Studies of Cultures and Arts (SH8),Alexander,Marr,Alexander Marr,Member
SH,Studies of Cultures and Arts (SH8),Lucia,Michelutti,Lucia Michelutti,Member
SH,Studies of Cultures and Arts (SH8),Juno,Parreñas,Juno Salazar Parreñas,Member
SH,Studies of Cultures and Arts (SH8),Sarah,Pink,Sarah Pink,Member
SH,Studies of Cultures and Arts (SH8),Emilio,Ros-Fábregas,Emilio Ros-Fábregas,Member
SH,Studies of Cultures and Arts (SH8),Katrin,Tiidenberg,Katrin Tiidenberg,Member
SH,Studies of Cultures and Arts (SH8),Sahana,Udupa,Sahana Udupa,Member
SH,Studies of Cultures and Arts (SH8),Bjarki,Valtýsson,Bjarki Valtýsson,Member
